{"cameraMode":{"drawMode":0,"name":"Shaded","section":"Shading Mode"},"sceneLighting":true,"audioPlay":false,"sceneViewState":{"showFog":false,"showMaterialUpdate":false,"showSkybox":false,"showFlares":false,"showImageEffects":false,"showParticleSystems":false},"in2DMode":false,"pivot":{"x":-9.618226051330567,"y":-4.384710311889648,"z":-1.3447327613830567},"rotation":{"x":-0.141267329454422,"y":-0.8559673428535461,"z":0.3868807256221771,"w":-0.3125511109828949},"size":7.544463157653809,"orthographic":false}